compound_id,smiles,reg_qnt,clf_ex1,clf_ex1_bin,reg_raw
OSM-LO-16,CC(C)(C)Oc1ccc(-c2nnc3cncc(OCC(O)c4ccc(F)c(F)c4)n23)cc1,-0.5638763308525085,0.5164966583251953,1.0,0.8938303514239636
OSM-LO-17,Cc1ccc(COc2cncc3nnc(-c4ccc(C(C)C)cc4)n23)cn1,0.35637301206588745,0.2916733920574188,0.0,9.84552487778019
OSM-LO-18,NCc1cccc(CCOc2cncc3nnc(-c4ccc(Cl)cc4)n23)c1,0.10454919934272766,0.4694308042526245,0.0,6.77730821739296
OSM-LO-19,CC(O)COc1cncc2nnc(-c3ccc(OC(F)F)cc3)n12,0.3699157238006592,0.30789798498153687,0.0,9.877302649488142
OSM-LO-48,Nc1cccc(CCOc2cncc3nnc(-c4ccc(Cl)cc4)n23)c1,0.3164668083190918,0.3233048617839813,0.0,9.769114536432035
OSM-LO-49,FC(F)Oc1ccc(-c2nnc3cncc(OCCc4ccco4)n23)cc1,-0.2615320682525635,0.4468938112258911,0.0,2.032669172729269
OSM-S-369,FC(F)Oc1ccc(-c2nnc3cncc(OCCc4ccccc4)n23)cc1,-0.45982152223587036,0.49009841680526733,0.0,1.141185884574338
