compound_id,smiles,reg_qnt,clf_ex1,clf_ex1_bin,reg_raw
osm-lo-53,Fc1ccc(CCOc2cncc3nnc(-c4cnc5[nH]ccc5c4)n23)cc1F,0.37685877084732056,0.3609560430049896,0.0,9.893557553866682
osm-lo-54,Fc1ccc(CCOc2cncc3nnc(-c4cccc(C(F)(F)F)c4)n23)cc1F,-0.47099584341049194,0.5610097050666809,1.0,1.0928019892092473
osm-lo-55,Fc1ccc(CCOc2cncc3nnc(-c4ccc(Cl)c(C(F)(F)F)c4)n23)cc1F,-0.556537926197052,0.6556832790374756,1.0,0.9267377259312664
osm-lo-56,COc1cc(-c2nnc3cncc(OCCc4ccc(F)c(F)c4)n23)cc(C)n1,0.18927061557769775,0.39770859479904175,0.0,8.726189637458727
osm-lo-57,Cc1cc(-c2nnc3cncc(OCCc4ccc(F)c(F)c4)n23)ccc1S(N)(=O)=O,0.5367304682731628,0.37214142084121704,0.0,10.254515110162417
osm-lo-58,Fc1ccc(CCOc2cncc3nnc(-c4ccc5[nH]c(C(F)(F)F)cc5c4)n23)cc1F,-0.2886766791343689,0.5727642178535461,1.0,1.9913717455090605
