compound_id,smiles,reg_qnt,clf_ex1,clf_ex1_bin,reg_raw
OSM-LO-16,CC(C)(C)Oc1ccc(-c2nnc3cncc(OCC(O)c4ccc(F)c(F)c4)n23)cc1,-0.5792187452316284,0.6527240872383118,1.0,0.850619006220271
OSM-LO-17,Cc1ccc(COc2cncc3nnc(-c4ccc(C(C)C)cc4)n23)cn1,0.11015713959932327,0.4544025659561157,0.0,6.870472116568387
OSM-LO-18,NCc1cccc(CCOc2cncc3nnc(-c4ccc(Cl)cc4)n23)c1,0.09836997836828232,0.4313324987888336,0.0,6.491300655857387
OSM-LO-19,CC(O)COc1cncc2nnc(-c3ccc(OC(F)F)cc3)n12,0.5969711542129517,0.359283983707428,0.0,10.3831512200673
OSM-LO-48,Nc1cccc(CCOc2cncc3nnc(-c4ccc(Cl)cc4)n23)c1,0.2897614538669586,0.41270291805267334,0.0,9.705135727845457
OSM-LO-49,FC(F)Oc1ccc(-c2nnc3cncc(OCCc4ccco4)n23)cc1,0.21090368926525116,0.42465683817863464,0.0,9.478247811862943
OSM-S-369,FC(F)Oc1ccc(-c2nnc3cncc(OCCc4ccccc4)n23)cc1,-0.6260558366775513,0.6773411631584167,1.0,0.7373689378728628
